Sex,Fare,Survived
female,44.47981783439491,233
male,25.52389341421144,109
